{
    "uvs": [[0.6915111541748047, 0.08930310606956482, 0.5434120893478394, 0.0037980377674102783, 0.375, 0.033493608236312866, 0.26507681608200073, 0.16449493169784546, 0.26507681608200073, 0.33550500869750977, 0.375, 0.46650636196136475, 0.5434120297431946, 0.49620193243026733, 0.6915110945701599, 0.41069692373275757, 0.75, 0.25, 0.25, 0.5, 0.3055555522441864, 0.5, 0.3611111044883728, 0.5, 0.4166666567325592, 0.5, 0.4722222089767456, 0.5, 0.5277777910232544, 0.5, 0.5833333730697632, 0.5, 0.638888955116272, 0.5, 0.6944445371627808, 0.5, 0.7500001192092896, 0.5, 0.5, 1.0, 0.6915111541748047, 0.08930310606956482, 0.5434120893478394, 0.0037980377674102783, 0.375, 0.033493608236312866, 0.26507681608200073, 0.16449493169784546, 0.26507681608200073, 0.33550500869750977, 0.375, 0.46650636196136475, 0.5434120297431946, 0.49620193243026733, 0.6915110945701599, 0.41069692373275757, 0.75, 0.25, 0.25, 0.5, 0.3055555522441864, 0.5, 0.3611111044883728, 0.5, 0.4166666567325592, 0.5, 0.4722222089767456, 0.5, 0.5277777910232544, 0.5, 0.5833333730697632, 0.5, 0.638888955116272, 0.5, 0.6944445371627808, 0.5, 0.7500001192092896, 0.5, 0.5, 1.0, 0.6915111541748047, 0.08930310606956482, 0.5434120893478394, 0.0037980377674102783, 0.375, 0.033493608236312866, 0.26507681608200073, 0.16449493169784546, 0.26507681608200073, 0.33550500869750977, 0.375, 0.46650636196136475, 0.5434120297431946, 0.49620193243026733, 0.6915110945701599, 0.41069692373275757, 0.75, 0.25, 0.25, 0.5, 0.3055555522441864, 0.5, 0.3611111044883728, 0.5, 0.4166666567325592, 0.5, 0.4722222089767456, 0.5, 0.5277777910232544, 0.5, 0.5833333730697632, 0.5, 0.638888955116272, 0.5, 0.6944445371627808, 0.5, 0.7500001192092896, 0.5, 0.5, 1.0]], 
    "animations": [{
        "hierarchy": [], 
        "length": 1.2083333333333333, 
        "name": "skeletalAction.001", 
        "fps": 1
    }], 
    "faces": [42, 0, 8, 1, 2, 0, 8, 1, 0, 1, 2, 42, 8, 7, 1, 2, 8, 7, 1, 1, 3, 2, 42, 7, 6, 1, 2, 7, 6, 1, 3, 4, 2, 42, 6, 5, 1, 2, 6, 5, 1, 4, 5, 2, 42, 5, 4, 1, 2, 5, 4, 1, 5, 6, 2, 42, 4, 3, 1, 2, 4, 3, 1, 6, 7, 2, 42, 3, 2, 1, 2, 3, 2, 1, 7, 8, 2, 42, 0, 1, 9, 2, 9, 10, 19, 9, 10, 11, 42, 1, 2, 9, 2, 10, 11, 19, 12, 13, 14, 42, 2, 3, 9, 2, 11, 12, 19, 15, 16, 17, 42, 3, 4, 9, 2, 12, 13, 19, 18, 19, 20, 42, 4, 5, 9, 2, 13, 14, 19, 21, 22, 23, 42, 5, 6, 9, 2, 14, 15, 19, 24, 25, 26, 42, 6, 7, 9, 2, 15, 16, 19, 27, 28, 29, 42, 7, 8, 9, 2, 16, 17, 19, 30, 31, 32, 42, 8, 0, 9, 2, 17, 18, 19, 33, 34, 35, 42, 10, 18, 11, 2, 20, 28, 21, 36, 37, 38, 42, 18, 17, 11, 2, 28, 27, 21, 37, 39, 38, 42, 17, 16, 11, 2, 27, 26, 21, 39, 40, 38, 42, 16, 15, 11, 2, 26, 25, 21, 40, 41, 38, 42, 15, 14, 11, 2, 25, 24, 21, 41, 42, 38, 42, 14, 13, 11, 2, 24, 23, 21, 42, 43, 38, 42, 13, 12, 11, 2, 23, 22, 21, 43, 44, 38, 42, 10, 11, 19, 2, 29, 30, 39, 45, 46, 47, 42, 11, 12, 19, 2, 30, 31, 39, 48, 49, 50, 42, 12, 13, 19, 2, 31, 32, 39, 51, 52, 53, 42, 13, 14, 19, 2, 32, 33, 39, 54, 55, 56, 42, 14, 15, 19, 2, 33, 34, 39, 57, 58, 59, 42, 15, 16, 19, 2, 34, 35, 39, 60, 61, 62, 42, 16, 17, 19, 2, 35, 36, 39, 63, 64, 65, 42, 17, 18, 19, 2, 36, 37, 39, 66, 67, 68, 42, 18, 10, 19, 2, 37, 38, 39, 69, 70, 71, 42, 20, 28, 21, 2, 40, 48, 41, 72, 73, 74, 42, 28, 27, 21, 2, 48, 47, 41, 73, 75, 74, 42, 27, 26, 21, 2, 47, 46, 41, 75, 76, 74, 42, 26, 25, 21, 2, 46, 45, 41, 76, 77, 74, 42, 25, 24, 21, 2, 45, 44, 41, 77, 78, 74, 42, 24, 23, 21, 2, 44, 43, 41, 78, 79, 74, 42, 23, 22, 21, 2, 43, 42, 41, 79, 80, 74, 42, 20, 21, 29, 2, 49, 50, 59, 81, 82, 83, 42, 21, 22, 29, 2, 50, 51, 59, 84, 85, 86, 42, 22, 23, 29, 2, 51, 52, 59, 87, 88, 89, 42, 23, 24, 29, 2, 52, 53, 59, 90, 91, 92, 42, 24, 25, 29, 2, 53, 54, 59, 93, 94, 95, 42, 25, 26, 29, 2, 54, 55, 59, 96, 97, 98, 42, 26, 27, 29, 2, 55, 56, 59, 99, 100, 101, 42, 27, 28, 29, 2, 56, 57, 59, 102, 103, 104, 42, 28, 20, 29, 2, 57, 58, 59, 105, 106, 107], 
    "vertices": [2.62598026, 3.15967815, -2.20345828, 0.59526183, 3.15967815, -3.37589444, -1.71398626, 3.15967815, -2.96871202, -3.22124086, 3.15967815, -1.17243617, -3.22124107, 3.15967815, 1.17243555, -1.71398657, 3.15967815, 2.96871141, 0.59526102, 3.15967815, 3.37589424, 2.62597944, 3.15967815, 2.20345848, 3.42797272, 3.15967815, 0.0, 0.0, 6.41370056, 0.0, 2.4485697, 5.10297087, -2.0545932, 0.55504609, 5.10297087, -3.14781987, -1.59818978, 5.10297087, -2.76814659, -3.00361465, 5.10297087, -1.09322668, -3.00361484, 5.10297087, 1.09322611, -1.59819007, 5.10297087, 2.76814602, 0.55504533, 5.10297087, 3.14781968, 2.44856893, 5.10297087, 2.05459339, 3.19637976, 5.10297087, 0.0, 0.0, 8.13715236, 0.0, 2.01048433, 6.91627593, -1.68699606, 0.45574013, 6.91627593, -2.5846283, -1.31224997, 6.91627593, -2.27288419, -2.46622352, 6.91627593, -0.89763224, -2.46622368, 6.91627593, 0.89763177, -1.31225021, 6.91627593, 2.27288372, 0.45573951, 6.91627593, 2.58462814, 2.0104837, 6.91627593, 1.68699621, 2.6245001, 6.91627593, 0.0, 0.0, 10.29088962, 0.0], 
    "materials": [{
        "opacity": 1.0, 
        "colorDiffuse": [0.09232000250101091, 0.26752000253677366, 0.04720000098943711], 
        "depthWrite": true, 
        "blending": "NormalBlending", 
        "shading": "Lambert", 
        "DbgName": "lambert2", 
        "transparent": false, 
        "depthTest": true, 
        "vertexColors": false
    }, {
        "opacity": 1.0, 
        "colorDiffuse": [0.09232000250101091, 0.26752000253677366, 0.04720000098943711], 
        "depthWrite": true, 
        "blending": "NormalBlending", 
        "shading": "Lambert", 
        "DbgName": "lambert2", 
        "transparent": false, 
        "depthTest": true, 
        "vertexColors": false
    }, {
        "opacity": 1.0, 
        "colorDiffuse": [0.09232000250101091, 0.26752000253677366, 0.04720000098943711], 
        "depthWrite": true, 
        "blending": "NormalBlending", 
        "shading": "Lambert", 
        "DbgName": "lambert2", 
        "transparent": false, 
        "depthTest": true, 
        "vertexColors": false
    }], 
    "skinWeights": [0, 0, 0, 0, 0, 0, 0, 0, 0, 0, 0, 0, 0, 0, 0, 0, 0, 0, 0, 0, 0, 0, 0, 0, 0, 0, 0, 0, 0, 0, 0, 0, 0, 0, 0, 0, 0, 0, 0, 0, 0, 0, 0, 0, 0, 0, 0, 0, 0, 0, 0, 0, 0, 0, 0, 0, 0, 0, 0, 0, 0, 0, 0, 0, 0, 0, 0, 0, 0, 0, 0, 0, 0, 0, 0, 0, 0, 0, 0, 0, 0, 0, 0, 0, 0, 0, 0, 0, 0, 0, 0, 0, 0, 0, 0, 0, 0, 0, 0, 0, 0, 0, 0, 0, 0, 0, 0, 0, 0, 0, 0, 0, 0, 0, 0, 0, 0, 0, 0, 0],