{
    "uvs": [[0.5974202156066895, 0.03408878296613693, 0.4652310609817505, 0.003917515277862549, 0.3592236042022705, 0.08845570683479309, 0.3592236340045929, 0.22404436767101288, 0.46523112058639526, 0.30858248472213745, 0.5974202752113342, 0.2784111499786377, 0.65625, 0.15625, 0.375, 0.3125, 0.4107142984867096, 0.3125, 0.4464285969734192, 0.3125, 0.4821428954601288, 0.3125, 0.5178571939468384, 0.3125, 0.5535714626312256, 0.3125, 0.5892857313156128, 0.3125, 0.625, 0.3125, 0.375, 0.6884398460388184, 0.4107142984867096, 0.6884398460388184, 0.4464285969734192, 0.6884398460388184, 0.4821428954601288, 0.6884398460388184, 0.5178571939468384, 0.6884398460388184, 0.5535714626312256, 0.6884398460388184, 0.5892857313156128, 0.6884398460388184, 0.625, 0.6884398460388184, 0.5974202156066895, 0.7215887904167175, 0.4652310609817505, 0.6914175152778625, 0.3592236042022705, 0.7759556770324707, 0.3592236340045929, 0.9115443825721741, 0.46523112058639526, 0.9960824847221375, 0.5974202752113342, 0.9659111499786377, 0.65625, 0.84375, 0.5, 0.15000000596046448, 0.5, 0.8374999761581421]], 
    "animations": [{
        "hierarchy": [], 
        "length": 1.2083333333333333, 
        "name": "skeletalAction.001", 
        "fps": 1
    }], 
    "faces": [43, 0, 1, 8, 7, 0, 7, 8, 16, 15, 0, 1, 2, 3, 43, 1, 2, 9, 8, 0, 8, 9, 17, 16, 4, 5, 6, 7, 43, 2, 3, 10, 9, 0, 9, 10, 18, 17, 8, 9, 10, 11, 43, 3, 4, 11, 10, 0, 10, 11, 19, 18, 12, 13, 14, 15, 43, 4, 5, 12, 11, 0, 11, 12, 20, 19, 16, 17, 18, 19, 43, 5, 6, 13, 12, 0, 12, 13, 21, 20, 20, 21, 22, 23, 43, 6, 0, 7, 13, 0, 13, 14, 22, 21, 24, 25, 26, 27, 42, 1, 0, 14, 0, 1, 0, 30, 28, 29, 30, 42, 2, 1, 14, 0, 2, 1, 30, 31, 28, 30, 42, 3, 2, 14, 0, 3, 2, 30, 32, 31, 30, 42, 4, 3, 14, 0, 4, 3, 30, 33, 32, 30, 42, 5, 4, 14, 0, 5, 4, 30, 34, 33, 30, 42, 6, 5, 14, 0, 6, 5, 30, 35, 34, 30, 42, 0, 6, 14, 0, 0, 6, 30, 29, 35, 30, 42, 7, 8, 15, 0, 28, 27, 31, 36, 37, 38, 42, 8, 9, 15, 0, 27, 26, 31, 37, 39, 38, 42, 9, 10, 15, 0, 26, 25, 31, 39, 40, 38, 42, 10, 11, 15, 0, 25, 24, 31, 40, 41, 38, 42, 11, 12, 15, 0, 24, 23, 31, 41, 42, 38, 42, 12, 13, 15, 0, 23, 29, 31, 42, 43, 38, 42, 13, 7, 15, 0, 29, 28, 31, 43, 36, 38], 
    "vertices": [0.62348986, 1.55481918, -0.78183138, -0.22252086, 1.55481918, -0.9749279, -0.90096879, 1.55481918, -0.43388379, -0.90096885, 1.55481918, 0.4338837, -0.22252095, 1.55481918, 0.9749279, 0.6234898, 1.55481918, 0.7818315, 1.0, 1.55481918, 0.0, 0.62348986, 3.55481918, -0.78183138, -0.22252086, 3.55481918, -0.9749279, -0.90096879, 3.55481918, -0.43388379, -0.90096885, 3.55481918, 0.4338837, -0.22252095, 3.55481918, 0.9749279, 0.6234898, 3.55481918, 0.7818315, 1.0, 3.55481918, 0.0, 0.0, 1.55481918, 0.0, 0.0, 3.55481918, 0.0], 
    "materials": [{
        "opacity": 1.0, 
        "colorDiffuse": [0.1900000004470348, 0.07455999962329862, 0.007440000138282776], 
        "depthWrite": true, 
        "blending": "NormalBlending", 
        "shading": "Lambert", 
        "DbgName": "lambert3", 
        "transparent": false, 
        "depthTest": true, 
        "vertexColors": false
    }], 
    "skinWeights": [0, 0, 0, 0, 0, 0, 0, 0, 0, 0, 0, 0, 0, 0, 0, 0, 0, 0, 0, 0, 0, 0, 0, 0, 0, 0, 0, 0, 0, 0, 0, 0, 0, 0, 0, 0, 0, 0, 0, 0, 0, 0, 0, 0, 0, 0, 0, 0, 0, 0, 0, 0, 0, 0, 0, 0, 0, 0, 0, 0, 0, 0, 0, 0], 
    "normals": [0.22252104, 0.0, -0.9749279, 0.22252104, 0.0, -0.9749279, 0.22252104, 0.0, -0.9749279, 0.22252104, 0.0, -0.9749279, -0.62348974, 0.0, -0.7818315, -0.62348974, 0.0, -0.7818315, -0.62348974, 0.0, -0.7818315, -0.62348974, 0.0, -0.7818315, -0.99999994, 0.0, -7e-08, -0.99999994, 0.0, -7e-08, -0.99999994, 0.0, -7e-08, -0.99999994, 0.0, -7e-08, -0.62348992, 0.0, 0.78183144, -0.62348992, 0.0, 0.78183144, -0.62348992, 0.0, 0.78183144, -0.62348992, 0.0, 0.78183144, 0.22252089, 0.0, 0.9749279, 0.22252089, 0.0, 0.9749279, 0.22252089, 0.0, 0.9749279, 0.22252089, 0.0, 0.9749279, 0.90096885, 0.0, 0.43388376, 0.90096885, 0.0, 0.43388376, 0.90096885, 0.0, 0.43388376, 0.90096885, 0.0, 0.43388376, 0.90096891, 0.0, -0.43388373, 0.90096891, 0.0, -0.43388373, 0.90096891, 0.0, -0.43388373, 0.90096891, 0.0, -0.43388373, 0.0, -1.0, -4e-08, 0.0, -0.99999994, -4e-08, 0.0, -1.0, -1e-08, 0.0, -1.0, 0.0, 0.0, -0.99999994, 0.0, 0.0, -0.99999994, 0.0, 0.0, -1.0, 0.0, 0.0, -0.99999994, 0.0, 0.0, 0.99999994, 0.0, 0.0, 1.0, 4e-08, 0.0, 1.0, 1e-08, 0.0, 1.0, 4e-08, 0.0, 0.99999994, 0.0, 0.0, 0.99999994, 0.0, 0.0, 1.0, 0.0, 0.0, 0.99999994, 0.0], 
    "bones": [], 
    "skinIndices": [0, 0, 0, 0, 0, 0, 0, 0, 0, 0, 0, 0, 0, 0, 0, 0, 0, 0, 0, 0, 0, 0, 0, 0, 0, 0, 0, 0, 0, 0, 0, 0, 0, 0, 0, 0, 0, 0, 0, 0, 0, 0, 0, 0, 0, 0, 0, 0, 0, 0, 0, 0, 0, 0, 0, 0, 0, 0, 0, 0, 0, 0, 0, 0], 
    "influencesPerVertex": 4, 
    "metadata": {
        "formatVersion": 3.1, 
        "generatedBy": "Maya Exporter"
    }
}